Word,Frequency
Mini,2
Monday’s,2
featuring,5
mini,2
Eggs,1
Bacon,1
myminibakes,1
Mussels,1
and,33
fries,2
primal_gourmet,1
The,7
best,1
breakfast,2
crunch,1
wrap,1
recipe,1
twisted,1
Incredible,1
knife,1
skills,1
ocfoodandview,1
Easy,1
Garlic,1
Bread,1
liliyummy,1
How,2
many,3
chili,2
peppers,2
is,15
too,2
Asking,1
for,15
a,12
friend,1
Chopped,1
cheese,2
loaded,1
potato,1
wedges,1
Eat,1
or,3
pass,1
grillnation,1
Delicious,1
Mochi,1
makanteruss,1
torylanez,1
burger,1
credit,1
Paulhasfuntiktok,1
Who,2
knew,1
cabbage,1
rolls,1
could,2
be,6
this,12
bomb,1
abiresag,1
Oldest,1
Shop,2
In,4
Kashmir,2
For,2
Sheermal,1
more,5
than,2
ppl,1
buy,1
sheermal,1
from,8
here,2
only,3
Thank,1
You,1
kashmirfoodgram,1
helping,1
me,1
to,17
cover,1
amazing,2
place,1
Local,1
Kashmiri,1
Street,1
Food,8
Years,1
Old,1
Recipe,2
Moonlight,1
Walnut,1
Fudge,1
DargahFeaturing,1
dilsefoodie,2
Kal,1
Raat,1
Ka,3
Dinner,1
Chandni,1
Chowk,1
Walo,1
Ne,1
Bhi,1
Modern,1
Fusion,1
Shuru,1
Kardiya,1
Cheese,1
Wala,1
Parantha,1
Nikal,1
Diya,1
Nagpur,2
Best,1
Tari,1
Samosa,1
Lagta,1
Hai,1
Aana,1
He,1
Padega,1
Phir,1
Se#dilsefoodie,1
Hatss,1
off,1
those,1
Video,2
editors,1
who,2
complete,1
these,1
types,1
of,21
food,9
challenges,1
bloggers,1
I,1
had,2
in,19
minutes,1
vo,1
bhi,1
zabardastiAapko,1
kya,1
lagta,1
challenge,1
videos,1
real,1
hote,1
hai,1
Tag,2
Your,1
University,1
Friends,1
Featuring,1
Weekend,1
Curfew,1
Aur,1
Chole,1
Bhature,1
From,1
sitaramdiwanchandpaharganj,1
Mirwaz,1
Khan,1
Afghani,1
Chicken,1
Shawarma,1
At,1
Noida#dilsefoodie,1
Rajasthani,1
Thali,2
by,10
komalgajjas_kitchen,1
What,3
are,6
the,35
dishes,2
Name,1
them,2
comments,2
else,1
have,1
been,1
better,1
start,1
our,16
Chhattisgarh,3
Tour,1
thoughtfully,1
curated,1
meal,2
presented,2
us,4
gracious,3
talented,1
hosts,2
Kriti,1
cookingwithkritivity,2
her,2
mom,1
Trisha,1
Ji,1
This,2
inviting,1
spread,1
that,5
includes,1
popular,1
traditional,3
different,2
parts,1
state,1
microcosm,1
culinary,3
diversity,1
prevalent,1
over,2
Soulful,1
was,1
word,1
came,1
mind,1
when,1
we,2
partook,1
first,3
morsel,1
With,1
all,3
lucid,1
cultural,2
references,1
shared,1
their,1
warm,1
hospitality,1
new,5
flavours,1
made,2
truly,1
memorable,1
experience,4
Let's,1
take,2
you,5
through,1
images ,1
Traditional,1
snacks,1
platter,1
consisting,1
farra,2
kachri,1
patal,1
mirch,1
chutney,2
phataka,1
Main,1
course,2
including,1
chausela,1
bhaat,1
munga,1
badi,1
aalu,1
jimikanda,1
ki,1
sabzi,1
bohar,1
bhaji,1
idhar,1
kadhi,1
etc,1
Assorted,1
sweets,1
like,3
doodh,1
pidiya,1
papchi,1
chint,1
ke,1
ladoo,1
Do,3
watch,2
full,1
episode,7
on,8
YouTube,5
channel,5
Series,1
now,3
up,5
Watch,1
relish,1
soulful,4
details,2
grand,1
home,3
cooked,1
host,3
family,3
also,1
brings,1
an,3
overview,1
historical,1
world,2
scenario,1
lovely,3
state Link,1
bio,9
known,1
its,3
rich,2
mineral,1
deposits,1
dense,1
forest,1
unique,1
tribal,2
culture,2
Through,1
upcoming,1
series,1
let's,1
dive,1
into,2
unexplored,1
foodscape,1
enchanting,1
street,1
wholesome,1
along,2
with,9
sneak,1
peek,1
intriguing,1
traditions,1
cities,1
Raipur,1
Bhilai,1
Bastar,1
Bilaspur,1
drops,1
tonight,3
at,7
pm,2
stay,3
tuned#dfwinchhattisgarh,1
Bihari,1
Meat,1
Fish,1
Curry,1
tasting,1
meat_roti,1
Reposted,2
anubhavsapra,2
Makar,1
Sankranti,1
auspicious,1
occasion,1
celebrated,2
India,1
forms,1
Uttarakhand,3
it,1
one,2
major,1
festivals,1
various,1
rituals,1
today's,1
will,5
introducing,1
some,3
festive,3
delicacies,2
prepared,1
during,1
time,1
We,1
tried,1
restaurant,1
named,1
moksh_venture,1
Dehradun,1
so,2
tuned,3
Zesty,1
Mixture,1
Chaat,2
Amit,1
near,1
GEL,1
Church,1
Complex,1
Ranchi,1
A,2
Jaunsari,1
genial,1
Chauhan,1
Sariyana,2
Village,1
Jaunsar,2
Bawar,2
region,1
Click,1
link,2
enjoy,1
heartwarming,2
encounter,1
incredible,1
gastronomic,2
foodie_doonite,1
insta_pahadi,2
video,1
beautiful,2
village,1
Khusboo,1
PM,1
Tune,1
experiencefoodie_doonite,1
delhifoodwalks,1
prithviraj#dfwinuttarakhand,1
Sweet,1
savoury,1
Golgappe,1
Tikki,1
as,2
they,1
termed,1
locally,1
streets,1
Morena,2
MPFor,1
'Ultimate,1
Nashta,1
Walk',1
It,1
takes,2
courage,1
NYC,1
vs,1
LA,1
bagel,3
debate,1
but,1
courage_bagels,1
delivers,1
do,2
think,1
ultimate,2
destination,1
Drop,1
your,1
below,1
hreins,1
infatuation_la,1
ya,1
dough’n,1
Friday,3
eatsandthecity,1
howyadoughn,1
Rise,1
shine,1
Time,1
make,1
doughnuts,1
jeaneatz,5
doughdoughnuts,1
Breakfast,1
Burrito,1
Champions,1
mollybaz,1
creates,1
burrito,1
pickles,1
pastrami,1
year,1
has,3
just,2
begun,1
we’ve,1
already,1
friends,1
We’re,1
thrilled,1
introduce,1
newest,2
chef_shimi_aaron,1
AKA,1
Babka,1
King,1
latimes,1
Chef,2
Shimi,2
Aaron,1
Israeliborn,1
chef,1
based,1
Los,1
Angeles,1
working,1
around,1
Swipe,1
see,3
sample,1
Aaron’s,2
Babkas,1
what’s,1
cooking,1
next,2
fairestphoto,1
Hey,1
New,1
Yorkers,1
rubyscafe,1
what,1
need,1
rn,1
took,1
level,1
birria,1
taco,1
pizza,1
nenestaqueria,1
win,1
perfect,1
pull,1
closeup,1
doesn’t,1
love,1
bagels,1
behind,1
scenes,1
fresh,1
making,1
bagelparlor,1
Introducing,1
dude,1
hangry,1
life,1
knows,1
where,1
score,1
darn,1
good,1
Stay,1
Jean’s,1
favorite,1
eats,1
_#food,1
FSS,2
Regulatory,1
Expert,1
Development,1
RED,1
Program,2
Link,5
foodtechsociety,8
Certificate,8
provided,2
after,1
training,1
Hard,1
Copy,1
interested,1
participants,1
Labelling,2
Display,1
Regulation,5
Advertisement,1
Claims,1
Legal,1
Metrology,1
Packaged,1
Commodities,1
FoSTaC,2
CertificateMilk,1
Milk,3
Products,1
Manufacturing,1
Levelany,1
Additives,1
Product,1
Latest,1
Amendment,1
Organic,1
Foods,1
Content,5
creator,7
itsakash_sharma,7
Online,6
Intership,4
Limited,1
seats,1
profile,2
managed,6
Follow,1
information,1
batch,1
filling,2
fast,2
Like,2
share,2
Safety,2
Process,1
Management,1
Internship,2
DETAILS,2
Duration,1
Days,3
Total,1
Certificates,2
FIVE,1
Starting,1
Date,2
Last,2
Registration,1
Class,2
Timings,1
Pm,2
Thursday,1
Saturday,1
Number,1
Projects,1
One,2
Detailed,1
Project,1
Report,1
Ready,1
College,1
Submission,1
FSSAI,1
Training,1
Included,1
Seats,1
Batch,1
someone,1
say,1
nothing,1
safety,1
supervisor,1
save,1
later,3
Save,2
follow,2
moreContent,1
Share,1
informationContent,1
NOTE,1
Ales,1
fermented,2
topfermenting,1
lagers,1
bottomfermenting,1
yeast,1
Day,1
Combo,1
Trainings,1
Hours,1
DATE,1
nd,1
th,1
Jan,1
LIVE,1
TOTAL,1
CERTIFICATES,1
Three,1
CERTIFICATE,1
Lifetime,1
Validity,1
MODE,1
STUDY,1
MATERIAL,1
Available,2
RECORDED,1
CLASS,1
REGISTARTION,1
FEES,1
OnlyLink,1
Or,1
dm,1
